URL,Title,Address
https://newyork.craigslist.org/mnh/egr/d/new-york-city-project-scheduler/6841764595.html,Project Scheduler, (New York)
https://newyork.craigslist.org/brk/egr/d/brooklyn-industrial-designer-junior/6841708812.html,INDUSTRIAL DESIGNER/JUNIOR DRAFTSMAN, (Brooklyn)
https://newyork.craigslist.org/mnh/egr/d/registered-architect/6841608808.html,Registered Architect, (Flatiron)
https://newyork.craigslist.org/brk/egr/d/brooklyn-junior-interior-designer/6841314109.html,Junior Interior Designer," (Prospect Height, Brooklyn)"
https://newyork.craigslist.org/que/egr/d/long-island-city-drafting-on-autocad/6841095407.html,Drafting on AutoCAD, (Long Island City)
https://newyork.craigslist.org/mnh/egr/d/new-york-city-sustainability-specialist/6840714878.html,Sustainability Specialist - NYC, (Midtown West)
https://newyork.craigslist.org/mnh/egr/d/new-york-city-project-manager-at-high/6840662073.html,Project Manager at High - End Interior Renovation Construction Firm (N, (Manhattan)
https://newyork.craigslist.org/brk/egr/d/brooklyn-autocad-drafter/6840590703.html,AUTOCAD DRAFTER,
https://newyork.craigslist.org/brk/egr/d/brooklyn-architectural-associate-cad/6840443475.html,Architectural Associate/CAD drafter, (Brooklyn)
https://newyork.craigslist.org/brk/egr/d/brooklyn-part-time-product-engineering/6840438784.html,PART TIME  PRODUCT ENGINEERING & DEVELOP'T  POSITION, (Brooklyn)
https://newyork.craigslist.org/brk/egr/d/brooklyn-expeditor-project-manager/6840430076.html,Expeditor/Project Manager, (Brooklyn)
https://newyork.craigslist.org/brk/egr/d/brooklyn-assistant-to-the-field/6840411573.html,Assistant to the Field Operations Manager - Concrete and Excavation," (Brooklyn, NY)"
https://newyork.craigslist.org/mnh/egr/d/new-york-city-bim-specialist-for/6839903096.html,BIM Specialist for Architecture firm, (Midtown)
https://newyork.craigslist.org/brk/egr/d/brooklyn-kitchen-designer-sales/6839771561.html,kitchen designer +sales, (BROOKLYN)
https://newyork.craigslist.org/que/egr/d/astoria-free-lance-sketchup/6839719071.html,◄◄  FREE-LANCE SKETCHUP PROFESSIONAL AVAILABLE FOR YOUR PROJECT, (Metro New York)
https://newyork.craigslist.org/mnh/egr/d/freelance-drafter-project-architect/6839694513.html,Freelance Drafter / Project Architect, (Downtown)
https://newyork.craigslist.org/mnh/egr/d/new-york-city-construction/6839621183.html,Construction Administration-SHOP DRAWING/RFI COORDINATOR, (Midtown West)
https://newyork.craigslist.org/mnh/egr/d/new-york-city-mep-engineers-mechanical/6839616773.html,MEP Engineers -Mechanical/Electrical/Plumbing/Fire Protection - HIRING, (Midtown West)
https://newyork.craigslist.org/mnh/egr/d/new-york-city-architect-3-5-years/6839592042.html,Architect (3-5 years experience), (Downtown)
https://newyork.craigslist.org/que/egr/d/maspeth-hvac-drafter/6839481790.html,HVAC Drafter,
https://newyork.craigslist.org/mnh/egr/d/new-york-city-construction/6839454886.html,Construction Superintendent, (New York)
https://newyork.craigslist.org/mnh/egr/d/new-york-city-architectural-draftsperson/6839419544.html,Architectural Draftsperson, (Flatiron)
https://newyork.craigslist.org/brx/egr/d/bronx-closeout-specialist/6839409213.html,Closeout Specialist," (Bronx, NY)"
https://newyork.craigslist.org/mnh/egr/d/new-york-city-revit-bim-cad-manager/6839191112.html,REVIT/BIM/CAD MANAGER, (Midtown)
https://newyork.craigslist.org/wch/egr/d/cortlandt-manor-cnc-machinist-programmer/6838936898.html,CNC Machinist - Programmer," (Cortlandt Manor, NY)"
https://newyork.craigslist.org/mnh/egr/d/new-york-city-senior-level-architect/6838934367.html,SENIOR LEVEL ARCHITECT, (Chelsea)
https://newyork.craigslist.org/que/egr/d/long-island-city-cad-operator-drafter/6838889729.html,CAD Operator / Drafter, (Long Island City)
https://newyork.craigslist.org/mnh/egr/d/new-york-city-junior-interior-designer/6838867872.html,Junior Interior Designer | Hotels, (Midtown)
https://newyork.craigslist.org/mnh/egr/d/new-york-city-gym-spa-interior-designer/6838842076.html,Gym & Spa Interior Designer, (Manhattan)
https://newyork.craigslist.org/brk/egr/d/brooklyn-part-time-product-engineering/6838714913.html,PART TIME  PRODUCT ENGINEERING & DEVELOP'T  POSITION, (Brooklyn)
https://newyork.craigslist.org/mnh/egr/d/new-york-city-marketing-coordinator/6838701072.html,MARKETING COORDINATOR/OFFICE MANAGER, (Lower East Side)
https://newyork.craigslist.org/brx/egr/d/bronx-associate-project-manager/6838638104.html,Associate Project Manager, (Bronx)
https://newyork.craigslist.org/mnh/egr/d/new-york-city-drafting-position-ssp-tpp/6838581669.html,Drafting Position - SSP/TPP/OPP's - Experienced with AutoCad, (Midtown West)
https://newyork.craigslist.org/mnh/egr/d/new-york-city-project-director-75-85k/6838571227.html,Project Director ($75-85k) **DOB CLASS 2 ID REQUIRED**, (TriBeCa)
https://newyork.craigslist.org/mnh/egr/d/new-york-city-project-supervisor-k/6838570724.html,Project Supervisor -- $40-50k, (TriBeCa)
https://newyork.craigslist.org/que/egr/d/new-york-city-architectural/6838542675.html,"Architectural Designer,Intern/Junior", (Long Island City)
https://newyork.craigslist.org/mnh/egr/d/new-york-city-project-designer-wanted/6838482685.html,PROJECT DESIGNER WANTED, (Upper East Side)
https://newyork.craigslist.org/brk/egr/d/brooklyn-industrial-designer-junior/6837966109.html,INDUSTRIAL DESIGNER/JUNIOR DRAFTSMAN, (Brooklyn)
https://newyork.craigslist.org/que/egr/d/change-your-career-earn-up-to-120k/6837957820.html,CHANGE YOUR CAREER: EARN up to $120K+ CLOSING IN-HOME SALES," (Maspeth, NY)"
https://newyork.craigslist.org/que/egr/d/architectural-designer/6837310617.html,ARCHITECTURAL DESIGNER, (NEW YORK)
https://newyork.craigslist.org/brx/egr/d/bronx-hvac-boiler-technician/6837254997.html,HVac / Boiler Technician, (Bronx)
https://newyork.craigslist.org/mnh/egr/d/new-york-city-mechanical-estimator/6836983216.html,Mechanical Estimator, (Metro Area)
https://newyork.craigslist.org/que/egr/d/flushing-structural-engineer/6836895095.html,Structural Engineer, (Queens)
https://newyork.craigslist.org/mnh/egr/d/new-york-city-structural-engineer/6836799003.html,Structural Engineer/Architect,
https://newyork.craigslist.org/mnh/egr/d/facade-building-envelope-architect/6836787767.html,Facade / Building Envelope Architect, (TriBeCa)
https://newyork.craigslist.org/mnh/egr/d/facade-building-envelope-project/6836787153.html,Facade / Building Envelope Project Architect, (TriBeCa)
https://newyork.craigslist.org/mnh/egr/d/facade-building-envelope-structural/6836786483.html,Facade / Building Envelope Structural Engineer, (TriBeCa)
https://newyork.craigslist.org/mnh/egr/d/facade-building-envelope-structural/6836785832.html,Facade / Building Envelope Structural Project Engineer, (TriBeCa)
https://newyork.craigslist.org/que/egr/d/long-island-city-structural-engineer/6836738387.html,Structural Engineer, (Long Island City)
https://newyork.craigslist.org/que/egr/d/estimator/6836684890.html,Estimator, (Long Island City)
https://newyork.craigslist.org/brk/egr/d/brooklyn-interior-designer/6836610513.html,Interior Designer, (Brooklyn)
https://newyork.craigslist.org/brk/egr/d/brooklyn-assistant-superintendent/6836503172.html,Assistant Superintendent, (Brooklyn NY)
https://newyork.craigslist.org/mnh/egr/d/new-york-city-seasoned-residential/6836421651.html,Seasoned Residential Architectural Designer/Project Manager wanted, (Manhattan)
https://newyork.craigslist.org/fct/egr/d/beacon-falls-hot-mix-asphalt-hma-paving/6836289560.html,Hot Mix Asphalt (HMA) Paving & Plant Inspectors,
https://newyork.craigslist.org/mnh/egr/d/aspen-forum-phi-architectural-intern/6836067664.html,"FORUM PHI | Architectural Intern- Aspen, Co"," (Aspen, CO)"
https://newyork.craigslist.org/mnh/egr/d/intermediate-designer/6836012739.html,Intermediate Designer, (Flatiron)
https://newyork.craigslist.org/mnh/egr/d/new-york-city-hvac-engineer-project/6835976361.html,HVAC Engineer Project Engineer, (Flatiron)
https://newyork.craigslist.org/mnh/egr/d/new-york-city-hospitality-construction/6835975841.html,Hospitality Construction Project Manager - Hotel/Restaurants, (Midtown West)
https://newyork.craigslist.org/mnh/egr/d/new-york-city-senior-architect-with/6835966022.html,Senior Architect with Cladding Expertise, (Downtown)
https://newyork.craigslist.org/lgi/egr/d/massapequa-park-cad-drafter-for/6835964795.html,CAD Drafter for Engineering Firm, (Massapequa Park)
https://newyork.craigslist.org/brk/egr/d/brooklyn-senior-interior-designer-home/6835733653.html,Senior Interior Designer - Home Studios,
https://newyork.craigslist.org/que/egr/d/astoria-woodwork-architectural/6835660959.html,WOODWORK ARCHITECTURAL  DRAFTSPERSON," (ASTORIA, QUEENS)"
https://newyork.craigslist.org/fct/egr/d/greenwich-assistant-project-manager-apm/6835571096.html,Assistant Project Manager ( APM), (Greenwich Ct)
https://newyork.craigslist.org/brk/egr/d/brooklyn-draftsman/6835522114.html,Draftsman, (Brooklyn)
https://newyork.craigslist.org/brk/egr/d/brooklyn-dob-licensed-superintendent/6835506854.html,DOB Licensed Superintendent 100k-120k year/MUST HAVE DOB LICENSE,
https://newyork.craigslist.org/brk/egr/d/brooklyn-mechanical-engineer-product/6835408885.html,Mechanical Engineer & Product Designer, (BROOKLYN)
https://newyork.craigslist.org/lgi/egr/d/new-hyde-park-systems-engineer/6835210763.html,Systems Engineer," (New Hyde Park, New York)"
https://newyork.craigslist.org/wch/egr/d/spring-valley-junior-interior-designer/6835090134.html,Junior Interior Designer," (Spring Valley, NY)"
https://newyork.craigslist.org/mnh/egr/d/new-york-city-estimator-project-manager/6835041784.html,Estimator/Project Manager, (new york)
https://newyork.craigslist.org/mnh/egr/d/new-york-city-licensed-architect/6835034322.html,Licensed Architect, (Midtown)
https://newyork.craigslist.org/que/egr/d/whitestone-construction-administrative/6834911055.html,Construction Administrative Assistant," (ESG – Astoria, NY)"
https://newyork.craigslist.org/fct/egr/d/experienced-architectural-revit-user/6834905821.html,Experienced Architectural REVIT user needed, (CT / NYC)
https://newyork.craigslist.org/mnh/egr/d/new-york-city-assistant-project/6834843865.html,Assistant Project Management (Construction), (New York)
https://newyork.craigslist.org/mnh/egr/d/new-york-city-hotel-maintenance-engineer/6834836303.html,Hotel Maintenance Engineer, (LUMA Hotel Times Square)
https://newyork.craigslist.org/que/egr/d/autocad-person-wanted-for-immediate-hire/6834739629.html,Autocad person wanted for immediate hire!!!, (College point)
https://newyork.craigslist.org/mnh/egr/d/new-york-city-entry-level-experienced/6834708030.html,Entry Level/Experienced Mechanical/HVAC/Electrical Engineers, (Midtown West)
https://newyork.craigslist.org/mnh/egr/d/new-york-city-junior-estimator/6834706449.html,Junior Estimator, (Midtown)
https://newyork.craigslist.org/mnh/egr/d/new-york-city-job-captain-architecture/6834480348.html,Job Captain - Architecture, (SoHo)
https://newyork.craigslist.org/que/egr/d/long-island-city-structural-engineer/6834334119.html,Structural Engineer-Construction," (Queens , NY)"
https://newyork.craigslist.org/fct/egr/d/greenwich-kitchen-bath-designer/6834309373.html,Kitchen & Bath Designer, (Greenwich CT)
https://newyork.craigslist.org/mnh/egr/d/new-york-city-intermediate/6834278132.html,Intermediate Architectural Associate AZARK, (Midtown)
https://newyork.craigslist.org/mnh/egr/d/new-york-city-expediter/6834088365.html,Expediter, (All Boroughs)
https://newyork.craigslist.org/mnh/egr/d/new-york-city-architect-draftsperson/6834081976.html,Architect/Draftsperson/Project Manager, (New York)
https://newyork.craigslist.org/mnh/egr/d/new-york-city-plumbing-and-fire/6834054690.html,Plumbing and Fire Suppression Engineer,
https://newyork.craigslist.org/mnh/egr/d/new-york-city-landscape-project-manager/6834016827.html,Landscape Project Manager, (Upper West Side)
https://newyork.craigslist.org/brk/egr/d/brooklyn-structural-engineer-position/6833982562.html,Structural engineer position available.,
https://newyork.craigslist.org/wch/egr/d/hastings-on-hudson-architect/6833944863.html,Architect, (Hastings on Hudson)
https://newyork.craigslist.org/que/egr/d/mep-revit-modelers/6833938428.html,MEP REVIT Modelers, (Long Island City)
https://newyork.craigslist.org/brk/egr/d/brooklyn-freelance-architectural/6833652694.html,Freelance Architectural Consultant, (NYC)
https://newyork.craigslist.org/mnh/egr/d/new-york-city-project-manager-interiors/6833560429.html,Project Manager - Interiors, (Downtown)
https://newyork.craigslist.org/brx/egr/d/bronx-associate-project-manager/6833521128.html,Associate Project Manager," (Bronx, NY)"
https://newyork.craigslist.org/mnh/egr/d/new-york-city-architectural-job-captain/6833492607.html,Architectural Job Captain, (Midtown West)
https://newyork.craigslist.org/mnh/egr/d/new-york-city-project-manager-nyc-dob/6833456894.html,Project Manager - NYC DOB Class II Expeditor, (Financial District)
https://newyork.craigslist.org/mnh/egr/d/new-york-city-fire-alarm-project/6833392964.html,Fire Alarm Project Designer," (New York, NY)"
https://newyork.craigslist.org/mnh/egr/d/new-york-city-fire-sprinkler-project/6833387994.html,Fire Sprinkler Project Designer," (New York, NY)"
https://newyork.craigslist.org/que/egr/d/long-island-city-project-manager/6833381577.html,Project Manager,
https://newyork.craigslist.org/brk/egr/d/brooklyn-autocad-drafter/6833356094.html,AutoCAD drafter,
https://newyork.craigslist.org/lgi/egr/d/melville-architect-in-training/6833346446.html,Architect in Training," (Huntington Station, NY)"
https://newyork.craigslist.org/mnh/egr/d/new-york-city-design-and-technical/6833339600.html,Design and Technical Specialist – Modern Closets & Millwork (PT or FT), (Flatiron)
https://newyork.craigslist.org/mnh/egr/d/new-york-city-midtown-architecture/6833237379.html,Midtown Architecture Office searching for an Architectural Candidate, (Midtown West)
https://newyork.craigslist.org/mnh/egr/d/new-york-city-looking-for-mini-me/6833141463.html,Looking for Mini-Me - Architect Partnership Opportunity, (Midtown)
https://newyork.craigslist.org/que/egr/d/project-architects/6833083996.html,Project Architect(s)," (Jamaica, Queens)"
https://newyork.craigslist.org/lgi/egr/d/ronkonkoma-product-design-engineer/6833068959.html,Product Design Engineer, (Ronkonkoma)
https://newyork.craigslist.org/que/egr/d/bayside-junior-architect-and-or/6832984207.html,Junior Architect and/or Structural Engineer (EIT)," (Bayside, Queens)"
https://newyork.craigslist.org/mnh/egr/d/it-support-specialist-cad-specialist/6832943173.html,IT Support Specialist / CAD Specialist, (Flatiron)
https://newyork.craigslist.org/mnh/egr/d/new-york-city-interior-architect/6832568580.html,INTERIOR ARCHITECT/ INTERIOR DESIGNER, (Chelsea)
https://newyork.craigslist.org/brk/egr/d/draftperson-estimator-for-woodworking/6832433095.html,Draftperson/Estimator for Woodworking," (Brooklyn, NY)"
https://newyork.craigslist.org/mnh/egr/d/new-york-city-project-manager/6832398784.html,Project Manager (Architecture) for Real Estate firm, (Midtown)
https://newyork.craigslist.org/que/egr/d/ridgewood-project-manager-autocad/6832368585.html,Project manager autocad millwork draftsman, (Glendale Queens NY)
https://newyork.craigslist.org/mnh/egr/d/studio-assistant/6832342465.html,Studio Assistant, (Chelsea)
https://newyork.craigslist.org/mnh/egr/d/new-york-city-smart-precise-high-energy/6832226039.html,"Smart, precise,  high-energy team members to launch new product line", (Union Square)
https://newyork.craigslist.org/mnh/egr/d/new-york-city-seeking-autocad-operator/6832216139.html,Seeking AutoCad Operator- Exceptional $, (Work at Home)
https://newyork.craigslist.org/mnh/egr/d/project-architect/6832168944.html,Project architect,
https://newyork.craigslist.org/mnh/egr/d/new-york-city-furniture-design-and/6831981008.html,Furniture Design and Sales Position in Manhattan, (Upper East Side)
https://newyork.craigslist.org/brk/egr/d/brooklyn-construction-project-manager/6831855850.html,Construction Project Manager, (Brooklyn)
https://newyork.craigslist.org/mnh/egr/d/new-york-city-autocad-operator-junior/6831740202.html,AutoCAD Operator/Junior Architect, (Midtown East)
https://newyork.craigslist.org/mnh/egr/d/new-york-city-estimator-drywall/6831416038.html,ESTIMATOR - DRYWALL & ACOUSTICAL, (Midtown)
https://newyork.craigslist.org/mnh/egr/d/facade-building-envelope-architect/6831331766.html,Facade / Building Envelope Architect, (TriBeCa)
https://newyork.craigslist.org/mnh/egr/d/facade-building-envelope-project/6831331119.html,Facade / Building Envelope Project Architect, (TriBeCa)
https://newyork.craigslist.org/mnh/egr/d/facade-building-envelope-structural/6831330548.html,Facade / Building Envelope Structural Engineer, (TriBeCa)
https://newyork.craigslist.org/que/egr/d/hvac-service-technician/6831106267.html,HVAC Service Technician, (Maspeth)
https://newyork.craigslist.org/mnh/egr/d/astoria-estimator-business-development/6831039313.html,Estimator/Business Development/Sales, (New York)
https://newyork.craigslist.org/brk/egr/d/brooklyn-construction-site/6831014046.html,Construction Site Superintendent, (Brooklyn)
https://newyork.craigslist.org/que/egr/d/maspeth-hvac-drafter/6830989327.html,HVAC Drafter,
https://newyork.craigslist.org/mnh/egr/d/new-york-city-3d-visualizer-contract/6830965904.html,3D Visualizer - Contract (remote option),
https://newyork.craigslist.org/fct/egr/d/norwalk-associate-architect-with-barch/6830948439.html,Associate Architect with a B.Arch. or M.Arch. degree, (South Norwalk CT)
https://newyork.craigslist.org/que/egr/d/jamaica-experienced-drafter/6830434277.html,EXPERIENCED DRAFTER, (5 BOUROUGHS)
https://newyork.craigslist.org/que/egr/d/draftsperson-architectural-woodwork/6830432672.html,Draftsperson / Architectural Woodwork, (Queens)
https://newyork.craigslist.org/que/egr/d/autocad-drafter/6830403222.html,Autocad Drafter,
https://newyork.craigslist.org/brk/egr/d/junior-intermediate-architect/6830261607.html,Junior / Intermediate Architect, (midwood)
https://newyork.craigslist.org/brk/egr/d/brooklyn-senior-interior-designer-home/6830114486.html,Senior Interior Designer - Home Studios,
https://newyork.craigslist.org/mnh/egr/d/new-york-city-career-opportunities-in/6830072871.html,Career Opportunities in Engineering for Immigrant Professionals, (New York)
https://newyork.craigslist.org/mnh/egr/d/new-york-city-junior-architect/6830072599.html,Junior Architect, (Chelsea)
https://newyork.craigslist.org/que/egr/d/college-point-jr-architect-draftsperson/6830050338.html,Jr Architect  /  Draftsperson," (129-20 20th ave College Point, NY)"
https://newyork.craigslist.org/mnh/egr/d/new-york-city-bim-autocad-manager/6830046033.html,BIM/AUTOCAD MANAGER, (Midtown West)
https://newyork.craigslist.org/wch/egr/d/white-plains-senior-cost-estimator/6830011040.html,Senior Cost Estimator, (White Plains)
https://newyork.craigslist.org/mnh/egr/d/new-york-city-mechanical-designers/6829978022.html,Mechanical Designers,
https://newyork.craigslist.org/mnh/egr/d/registered-architect/6829758332.html,Registered Architect, (Flatiron)
https://newyork.craigslist.org/mnh/egr/d/intermediate-designer/6829756866.html,Intermediate Designer, (Flatiron)
https://newyork.craigslist.org/mnh/egr/d/new-york-city-junior-revit-architect-3/6829745419.html,Junior Revit Architect (3 yrs experience min. - local applicants only), (Downtown)
https://newyork.craigslist.org/brk/egr/d/brooklyn-dot-dob-permit-expediter/6829735603.html,DOT/ DOB Permit expediter,
https://newyork.craigslist.org/mnh/egr/d/new-york-city-architectural-designer/6829728359.html,Architectural Designer, (Midtown West)
https://newyork.craigslist.org/mnh/egr/d/new-york-city-senior-level-architect/6829686769.html,SENIOR LEVEL ARCHITECT, (Chelsea)
https://newyork.craigslist.org/que/egr/d/ridgewood-hvac-estimator/6829683683.html,HVAC Estimator," (Queens, NY)"
https://newyork.craigslist.org/mnh/egr/d/new-york-city-intermediate-architect/6829661980.html,Intermediate Architect, (Midtown West)
https://newyork.craigslist.org/mnh/egr/d/new-york-city-architect-with-2-to-12/6829659786.html,Architect with 2 to 12 years Experience, (Midtown West)
https://newyork.craigslist.org/mnh/egr/d/new-york-city-junior-architect/6829654068.html,Junior Architect, (Midtown West)
https://newyork.craigslist.org/brk/egr/d/brooklyn-assistant-project-manager/6829635343.html,Assistant Project Manager," (Brooklyn, NY)"
https://newyork.craigslist.org/mnh/egr/d/new-york-city-intermediate-architect/6829604522.html,Intermediate Architect - Revit, (Downtown)
https://newyork.craigslist.org/mnh/egr/d/new-york-city-architectural-spring/6829561277.html,Architectural Spring Internship – Student or Recent Graduate, (Downtown)
https://newyork.craigslist.org/mnh/egr/d/new-york-city-gym-spa-interior-designer/6829552500.html,Gym & Spa Interior Designer, (Manhattan)
https://newyork.craigslist.org/mnh/egr/d/new-york-city-account-manager-furniture/6829508815.html,Account Manager-Furniture Design, (Midtown)
https://newyork.craigslist.org/fct/egr/d/bridgeport-cabinet-draftsman/6829356405.html,Cabinet Draftsman," (Bridgeport, CT)"
https://newyork.craigslist.org/que/egr/d/long-island-city-entry-level-field/6829343174.html,Entry Level Field Technician, (NYC All areas)
https://newyork.craigslist.org/mnh/egr/d/new-york-city-water-treatment/6829263166.html,Water Treatment Specialist/ Chemist," (Sigonella, Italy)"
https://newyork.craigslist.org/mnh/egr/d/valley-stream-hvac-sheet-metal-sketcher/6829252264.html,HVAC Sheet Metal Sketcher, (Valley Stream)
https://newyork.craigslist.org/mnh/egr/d/new-york-city-architectural-designer/6828905326.html,Architectural Designer | Commercial, (Midtown West)
https://newyork.craigslist.org/mnh/egr/d/new-york-city-architectural-project/6828874897.html,Architectural Project Manager / Architectural Designer, (SoHo)
https://newyork.craigslist.org/brk/egr/d/brooklyn-pro-aire-design-seeking-draft/6828752631.html,Pro Aire Design seeking Draft / CAD Assistant - Full-Time, (East Flatbush)
https://newyork.craigslist.org/mnh/egr/d/new-york-city-revit-architect-exterior/6828724508.html,Revit Architect | Exterior Detailer, (Downtown)
https://newyork.craigslist.org/mnh/egr/d/new-york-city-construction-project/6828544148.html,Construction Project Manager,
https://newyork.craigslist.org/mnh/egr/d/new-york-city-senior-estimator-for/6828540682.html,Senior Estimator for General Contracting Company (Midtown West), (Midtown West)
https://newyork.craigslist.org/mnh/egr/d/architectural-consultant-expediter/6828462444.html,Architectural Consultant/Expediter, (Downtown)
https://newyork.craigslist.org/mnh/egr/d/new-york-city-auto-cad-drafter-midtown/6828202735.html,Auto CAD Drafter - (Midtown),
https://newyork.craigslist.org/mnh/egr/d/new-york-city-construction-project/6828200163.html,Construction Project Manager - NYC, (Midtown West)
https://newyork.craigslist.org/mnh/egr/d/new-york-city-cad-manager-bim-specialist/6828178427.html,CAD Manager/BIM Specialist, (New York)
https://newyork.craigslist.org/mnh/egr/d/new-york-city-project-architect-complex/6828050340.html,Project Architect / Complex Base Building, (Downtown)
https://newyork.craigslist.org/fct/egr/d/shelton-administrative-assistant/6828029650.html,Administrative Assistant," (Shelton, CT)"
https://newyork.craigslist.org/mnh/egr/d/new-york-city-interior-design/6827989481.html,Interior Design / Hospitality, (SoHo)
https://newyork.craigslist.org/mnh/egr/d/new-york-city-junior-estimator/6827887930.html,Junior Estimator, (Midtown)
https://newyork.craigslist.org/lgi/egr/d/merrick-draftsman-for-building-permits/6827849511.html,Draftsman for Building Permits, (Merrick)
https://newyork.craigslist.org/mnh/egr/d/new-york-city-project-manager-for-top/6827847374.html,Project Manager for TOP Expediting Firm!!, (Midtown West)
https://newyork.craigslist.org/brx/egr/d/bronx-use-lego-to-teach-kids/6827808116.html,Use LEGO® to teach kids engineering concepts!,
https://newyork.craigslist.org/mnh/egr/d/new-york-city-junior-interior-designer/6827700796.html,Junior Interior Designer, (Flatiron)
https://newyork.craigslist.org/mnh/egr/d/new-york-city-junior-draftsman/6827651724.html,Junior Draftsman/Architect with Purchasing Experience, (Midtown West)
https://newyork.craigslist.org/que/egr/d/richmond-hill-buildings-electrical/6827640253.html,Buildings / Electrical / Mechanical Inspector," (Richmond Hill, Queens, NY)"
https://newyork.craigslist.org/mnh/egr/d/new-york-city-interior-designer-lead/6827639442.html,Interior Designer - Lead Position, (New York)
https://newyork.craigslist.org/que/egr/d/middle-village-chief-plumbing-estimator/6827325150.html,Chief Plumbing Estimator, (Middle Village)
https://newyork.craigslist.org/que/egr/d/architect-cad-with-project-management/6827163785.html,Architect CAD with Project Management duties, (Maspeth)
https://newyork.craigslist.org/brk/egr/d/brooklyn-estimator-autocad/6827045221.html,Estimator - AutoCAD, (Brooklyn)
https://newyork.craigslist.org/mnh/egr/d/project-architect/6826976059.html,Project architect,
https://newyork.craigslist.org/mnh/egr/d/refrigeration-engineer-hvac/6826608948.html,Refrigeration Engineer (HVAC), (TriBeCa)
https://newyork.craigslist.org/mnh/egr/d/mechanical-hvac-engineer/6826572795.html,Mechanical (HVAC) Engineer, (TriBeCa)
https://newyork.craigslist.org/mnh/egr/d/new-york-city-retail-architecture/6825919317.html,Retail / Architecture Designers (w/ AUTOCAD) - Onsite,
https://newyork.craigslist.org/mnh/egr/d/facade-building-envelope-junior/6825884047.html,Facade / Building Envelope Junior Architect, (TriBeCa)
https://newyork.craigslist.org/mnh/egr/d/facade-building-envelope-architect/6825883469.html,Facade / Building Envelope Architect, (TriBeCa)
https://newyork.craigslist.org/mnh/egr/d/facade-building-envelope-project/6825882698.html,Facade / Building Envelope Project Architect, (TriBeCa)
https://newyork.craigslist.org/mnh/egr/d/facade-building-envelope-structural/6825881996.html,Facade / Building Envelope Structural Engineer, (TriBeCa)
https://newyork.craigslist.org/mnh/egr/d/facade-building-envelope-structural/6825881148.html,Facade / Building Envelope Structural Project Engineer, (TriBeCa)
https://newyork.craigslist.org/mnh/egr/d/new-york-city-architectural-studio/6825876266.html,Architectural Studio Assistant, (Chelsea)
https://newyork.craigslist.org/mnh/egr/d/new-york-city-architectural-job-captain/6825719549.html,Architectural Job Captain, (Midtown West)
https://newyork.craigslist.org/mnh/egr/d/new-york-city-proposal-coordinator/6825532560.html,Proposal Coordinator, (SoHo)
https://newyork.craigslist.org/brk/egr/d/brooklyn-freelance-part-time-product/6825519138.html,FREELANCE / PART TIME  PRODUCT ENGINEERING & DEVELOP'T  POSITION, (Brooklyn)
https://newyork.craigslist.org/mnh/egr/d/new-york-city-design-director/6825505164.html,Design Director | Architecture Interiors, (Midtown West)
https://newyork.craigslist.org/brk/egr/d/brooklyn-structural-engineer-pe-or-eit/6825387027.html,Structural Engineer P.E. or E.I.T.,
https://newyork.craigslist.org/fct/egr/d/stamford-draftsperson-project-architect/6824939597.html,DRAFTSPERSON- PROJECT ARCHITECT POSITION AVAILABLE," (Stamford, CT)"
https://newyork.craigslist.org/wch/egr/d/stamford-draftsperson-project-architect/6824937308.html,DRAFTSPERSON/PROJECT ARCHITECT POSITION AVAILABLE," (Stamford, CT)"
https://newyork.craigslist.org/que/egr/d/great-neck-architect-entry-level/6824751684.html,ARCHITECT-ENTRY LEVEL/ INTERMEDIATE, (Great Neck)
https://newyork.craigslist.org/que/egr/d/bronx-project-architect/6824672324.html,Project Architect, (Jamaica)
https://newyork.craigslist.org/brx/egr/d/bronx-construction-estimator/6824436514.html,Construction Estimator, (Bronx)
https://newyork.craigslist.org/mnh/egr/d/new-york-city-intermediate/6824185609.html,Intermediate Architectural Associate AZARK Design & Development, (Midtown)
https://newyork.craigslist.org/mnh/egr/d/new-york-city-information-technology/6824149871.html,Information Technology Client Service Specialist, (SoHo)
https://newyork.craigslist.org/mnh/egr/d/architect-with-2-years-exp/6823902017.html,Architect with 2 years exp.,
https://newyork.craigslist.org/mnh/egr/d/new-york-city-account-manager-furniture/6823868494.html,Account Manager-Furniture Design, (Midtown)
https://newyork.craigslist.org/que/egr/d/junior-architect/6823846085.html,JUNIOR ARCHITECT, (NEW YORK)
https://newyork.craigslist.org/wch/egr/d/new-rochelle-cad-operator-designer/6823809932.html,CAD Operator / Designer," (New Rochelle, NY)"
https://newyork.craigslist.org/mnh/egr/d/new-york-city-intermediate-architect/6823748003.html,INTERMEDIATE ARCHITECT, (Midtown East)
https://newyork.craigslist.org/mnh/egr/d/new-york-city-remote-impactful-business/6823552539.html,Remote Impactful Business Writer,
https://newyork.craigslist.org/mnh/egr/d/new-york-city-hotel-engineer/6823356561.html,Hotel Engineer, (Chelsea)
https://newyork.craigslist.org/mnh/egr/d/new-york-city-remote-wearables-engineer/6823328924.html,Remote Wearables Engineer/Industrial Designer for Med device comp,
https://newyork.craigslist.org/lgi/egr/d/great-neck-jr-architect-cad-draftperson/6823325398.html,Jr. Architect/CAD Draftperson, (GREAT NECK)
https://newyork.craigslist.org/lgi/egr/d/huntington-engineers-architects-with/6823271069.html,Engineers & Architects with Home Inspection License," (Queens, Nassau and Suffolk)"
https://newyork.craigslist.org/que/egr/d/flushing-engineers-architects-with-home/6823268078.html,Engineers & Architects with Home Inspection License," (Queens, Nassau and Suffolk)"
https://newyork.craigslist.org/mnh/egr/d/new-york-city-senior-forensic-engineer/6823261896.html,SENIOR FORENSIC ENGINEER,
https://newyork.craigslist.org/mnh/egr/d/new-york-city-forensics-building-survey/6823251959.html,FORENSICS/BUILDING SURVEY,
https://newyork.craigslist.org/mnh/egr/d/new-york-city-project-manager-facade/6823235310.html,PROJECT MANAGER – FACADE/ROOFING,
https://newyork.craigslist.org/mnh/egr/d/new-york-city-senior-project-manager/6823232221.html,SENIOR PROJECT MANAGER - FACADE/ROOFING,
https://newyork.craigslist.org/mnh/egr/d/new-york-city-experienced-architect/6823228825.html,EXPERIENCED ARCHITECT,
https://newyork.craigslist.org/brk/egr/d/brooklyn-assistant-estimator-for/6823214551.html,Assistant Estimator for Construction Company," (Brooklyn, NY)"
https://newyork.craigslist.org/brk/egr/d/brooklyn-estimator-drywall-ceilings/6823187748.html,ESTIMATOR - DRYWALL & CEILINGS,
https://newyork.craigslist.org/mnh/egr/d/new-york-city-junior-architect/6823104492.html,Junior Architect, (Midtown West)
https://newyork.craigslist.org/mnh/egr/d/new-york-city-intermediate-architect/6823094179.html,Intermediate Architect, (Midtown West)
https://newyork.craigslist.org/mnh/egr/d/new-york-city-engineering-consultant/6822985723.html,Engineering Consultant, (Midtown)
https://newyork.craigslist.org/brk/egr/d/brooklyn-automation-engineer/6822269852.html,Automation Engineer," (Brooklyn, NY)"
https://newyork.craigslist.org/fct/egr/d/stamford-project-coordinator-assistant/6822213730.html,Project Coordinator Assistant, (Stamford)
https://newyork.craigslist.org/que/egr/d/jamaica-field-engineer/6822102773.html,Field Engineer, (Queens NY)
https://newyork.craigslist.org/mnh/egr/d/new-york-city-junior-designer-branded/6822084869.html,Junior Designer / Branded Environments, (Manhattan)
https://newyork.craigslist.org/que/egr/d/jamaica-nyc-dob-expediter-seeks-class-1/6822058867.html,NYC DOB Expediter Seeks Class 1 or 2 Filing Rep (All Boroughs),
https://newyork.craigslist.org/que/egr/d/astoria-draftsperson-designer/6822011827.html,Draftsperson/Designer, (Astoria)
https://newyork.craigslist.org/mnh/egr/d/expert-in-cad-solidworks-step-iges-stl/6821656818.html,"Expert in CAD: Solidworks, STEP, IGES, STL",
https://newyork.craigslist.org/brx/egr/d/mount-vernon-geotechnical-estimator/6821421430.html,GEOTECHNICAL ESTIMATOR / ENGINEER, (Westchester)
https://newyork.craigslist.org/lgi/egr/d/mount-vernon-geotechnical-estimator/6821418937.html,GEOTECHNICAL ESTIMATOR / ENGINEER, (Westchester)
https://newyork.craigslist.org/jsy/egr/d/mount-vernon-geotechnical-estimator/6821412406.html,GEOTECHNICAL ESTIMATOR / ENGINEER, (Westchester)
https://newyork.craigslist.org/que/egr/d/mount-vernon-geotechnical-estimator/6821411069.html,GEOTECHNICAL ESTIMATOR / ENGINEER, (Westchester)
https://newyork.craigslist.org/mnh/egr/d/mount-vernon-geotechnical-estimator/6821409413.html,GEOTECHNICAL ESTIMATOR / ENGINEER, (Westchester)
https://newyork.craigslist.org/wch/egr/d/bronx-geotechnical-estimator-engineer/6821392148.html,GEOTECHNICAL ESTIMATOR / ENGINEER, (Westchester)
https://newyork.craigslist.org/que/egr/d/ridgewood-steel-detailer-checker/6820770265.html,Steel Detailer/Checker (Glendale NY), (Queens)
https://newyork.craigslist.org/mnh/egr/d/new-york-city-assistant-project/6820341200.html,Assistant Project Architect, (Chelsea)
https://newyork.craigslist.org/mnh/egr/d/facade-building-envelope-structural/6820293967.html,Facade / Building Envelope Structural Project Engineer, (TriBeCa)
https://newyork.craigslist.org/mnh/egr/d/facade-building-envelope-structural/6820293075.html,Facade / Building Envelope Structural Engineer, (TriBeCa)
https://newyork.craigslist.org/mnh/egr/d/facade-building-envelope-structural/6820293075.html,Facade / Building Envelope Structural Engineer, (TriBeCa)
https://newyork.craigslist.org/mnh/egr/d/facade-building-envelope-project/6820291873.html,Facade / Building Envelope Project Architect, (TriBeCa)
https://newyork.craigslist.org/mnh/egr/d/facade-building-envelope-architect/6820290912.html,Facade / Building Envelope Architect, (TriBeCa)
https://newyork.craigslist.org/mnh/egr/d/draftsperson-detailer/6820254495.html,Draftsperson Detailer, (Long Island City)
https://newyork.craigslist.org/mnh/egr/d/new-york-city-architect-designer/6820187068.html,Architect Designer, (Midtown West)
https://newyork.craigslist.org/mnh/egr/d/expert-in-cad-solidworks-step-iges-stl/6820163744.html,"Expert in CAD: Solidworks, STEP, IGES, STL",
https://newyork.craigslist.org/mnh/egr/d/new-york-city-project-coordinator-for/6820062362.html,Project Coordinator for Hi End Residential Design and Renovation - NYC, (Upper East Side)
https://newyork.craigslist.org/stn/egr/d/staten-island-glass-metal-estimator/6820029413.html,GLASS & METAL ESTIMATOR, (Staten Island)
https://newyork.craigslist.org/mnh/egr/d/new-york-city-construction-project/6819994477.html,Construction Project Manager – Hotels and Restaurants – New York City, (Midtown West)
https://newyork.craigslist.org/que/egr/d/maspeth-hvac-drafter/6819955969.html,HVAC Drafter,
https://newyork.craigslist.org/que/egr/d/hvac-service-technician/6819942694.html,HVAC Service Technician, (Maspeth)
https://newyork.craigslist.org/brk/egr/d/cedarhurst-beauty-care-product-designer/6819934421.html,Beauty-Care Product Designer,
https://newyork.craigslist.org/lgi/egr/d/cedarhurst-product-designer/6819929906.html,Product Designer,
https://newyork.craigslist.org/mnh/egr/d/new-york-city-seeking-airflow/6819875270.html,Seeking AirFlow/Electrical Engineer to design a system, (NEWYORK CITY)
https://newyork.craigslist.org/mnh/egr/d/junior-interior-design-with-autocad-for/6819707621.html,Junior Interior Design - with autocad for interior design/build, (Upper East Side)
https://newyork.craigslist.org/mnh/egr/d/new-york-city-sr-interior-designer/6819560397.html,Sr Interior Designer, (TriBeCa)
https://newyork.craigslist.org/mnh/egr/d/new-york-city-purchasing-admin-interior/6819492609.html,Purchasing / Admin / Interior Design,
https://newyork.craigslist.org/mnh/egr/d/new-york-city-landscape-designer/6819483782.html,Landscape Designer, (SoHo)
https://newyork.craigslist.org/mnh/egr/d/registered-architect/6819452759.html,Registered Architect, (Flatiron)
https://newyork.craigslist.org/mnh/egr/d/intermediate-designer/6819451789.html,Intermediate Designer, (Flatiron)
https://newyork.craigslist.org/mnh/egr/d/cedarhurst-product-development-engineer/6819385527.html,Product Development Engineer,
https://newyork.craigslist.org/lgi/egr/d/cedarhurst-product-development-engineer/6819381083.html,Product Development Engineer,
https://newyork.craigslist.org/mnh/egr/d/brooklyn-build-site-capenter/6819369948.html,Build Site Capenter,
https://newyork.craigslist.org/jsy/egr/d/new-york-city-field-analyst/6819338651.html,Field Analyst,
https://newyork.craigslist.org/brk/egr/d/brooklyn-mechanical-estimator/6819263980.html,Mechanical Estimator, (Brooklyn)
https://newyork.craigslist.org/mnh/egr/d/new-york-city-junior-architect/6819234097.html,Junior Architect, (East Village)
https://newyork.craigslist.org/fct/egr/d/architect-junior-architect/6819189017.html,Architect / Junior Architect, (New Canaan)
https://newyork.craigslist.org/brk/egr/d/brooklyn-freelance-part-time-product/6818923851.html,FREELANCE / PART TIME  PRODUCT ENGINEERING & DEVELOP'T  POSITION, (Brooklyn)
https://newyork.craigslist.org/brk/egr/d/paterson-senior-estimator-hvac/6818838405.html,Senior Estimator HVAC/Electrical, (Brooklyn/Queens)
https://newyork.craigslist.org/mnh/egr/d/new-york-city-freelance-draftsperson/6818822101.html,FREELANCE DRAFTSPERSON POSITION,
https://newyork.craigslist.org/brk/egr/d/brooklyn-senior-estimator-for/6818731222.html,Senior Estimator for Construction Company," (Brooklyn, NY)"
https://newyork.craigslist.org/mnh/egr/d/new-york-city-interior-designer/6818696757.html,Interior Designer - Hospitality Concept, (SoHo)
https://newyork.craigslist.org/mnh/egr/d/new-york-city-architectural-lighting/6818689823.html,ARCHITECTURAL LIGHTING DESIGNER - Project Manager Level, (Chelsea)
https://newyork.craigslist.org/wch/egr/d/valhalla-sr-architect/6818646400.html,Sr. Architect," (Valhalla, NY)"
https://newyork.craigslist.org/mnh/egr/d/new-york-city-architectural-studio/6818570570.html,Architectural Studio Assistant, (Chelsea)
https://newyork.craigslist.org/mnh/egr/d/new-york-city-dob-expediter-part-time/6818314932.html,DOB Expediter Part Time, (Chelsea)
https://newyork.craigslist.org/lgi/egr/d/huntington-station-architectural-drafter/6818300346.html,Architectural Drafter," (Huntington Station, NY)"
https://newyork.craigslist.org/fct/egr/d/cos-cob-civil-engineer/6818276587.html,Civil Engineer," (GREENWICH, CT)"
https://newyork.craigslist.org/mnh/egr/d/new-york-city-architect-for-healthcare/6818006402.html,Architect for Healthcare Projects, (Downtown)
https://newyork.craigslist.org/mnh/egr/d/new-york-city-traffic-civil-engineer/6817985589.html,Traffic/Civil Engineer, (NYC Area)
https://newyork.craigslist.org/mnh/egr/d/new-york-city-senior-interior-designer/6817845055.html,Senior Interior Designer | Workplace/Corporate Interiors, (Midtown)
https://newyork.craigslist.org/mnh/egr/d/new-york-city-project-supervisor-k/6817710431.html,Project Supervisor -- $40-50k, (TriBeCa)
https://newyork.craigslist.org/wch/egr/d/white-plains-auto-cad-drafter/6817706285.html,Auto Cad Drafter, (WHITE PLAINS)
https://newyork.craigslist.org/brk/egr/d/stottville-senior-designer/6817644835.html,Senior Designer,
https://newyork.craigslist.org/mnh/egr/d/new-york-city-project-manager-multi/6817628936.html,Project Manager | Multi-Family Residential Architecture, (Midtown West)
https://newyork.craigslist.org/que/egr/d/new-york-city-part-time-license/6817603873.html,part time license engineer and architect, (manhattan)
https://newyork.craigslist.org/brk/egr/d/brooklyn-estimator-for-commercial-glass/6817573914.html,Estimator for commercial glass industry, (Red Hook)
https://newyork.craigslist.org/mnh/egr/d/new-york-city-project-director-75-85k/6817561888.html,Project Director ($75-85k) **DOB CLASS 2 ID REQUIRED**, (TriBeCa)
https://newyork.craigslist.org/que/egr/d/project-architects/6817556800.html,Project Architect(s)," (Jamaica, Queens)"
https://newyork.craigslist.org/mnh/egr/d/entry-level-interior-designer/6817552961.html,ENTRY LEVEL INTERIOR DESIGNER, (Chelsea)
https://newyork.craigslist.org/mnh/egr/d/new-york-city-senior-level-architect/6817417399.html,SENIOR LEVEL ARCHITECT, (Chelsea)
